invoice_id,vendor_id,vendor_name,category,amount,submitted_date,due_date,status,po_number,po_match,duplicate_of,amount_altered,original_amount,bank_changed,new_vendor,is_fraud,fraud_type,risk_score,notes
INV-01000,VND-0047,"Molina, Reed and Potter",Professional Services,4174.97,2025-01-01,2025-01-31,Approved,PO-3356WI,True,,False,,False,False,False,,0,
INV-01034,VND-0020,"Medina, Carter and Stevens",Hardware,2847.8,2025-01-01,2025-01-31,Paid,PO-0675OM,True,,False,,False,False,False,,0,
INV-01050,VND-0079,Clark-Morris,Software Licenses,11888.8,2025-01-01,2025-01-31,Pending,PO-3862AO,True,,False,,False,False,False,,0,
INV-F0020,VND-0024,"Bush, Hill and Flores",Hardware,132211.9,2025-01-01,2025-01-31,Pending,,False,,False,,False,True,True,phantom_billing,100,No corresponding PO or delivery record found
INV-F0001,VND-0066,Ortega Group,Hardware,106083.43,2025-01-01,2025-01-31,Pending,PO-7357CY,True,,False,,True,True,True,bank_redirect,90,Payment bank account changed 48h after invoice submission
INV-01318,VND-0074,Porter-Charles,Hardware,4958.82,2025-01-01,2025-01-31,Approved,PO-7644DW,True,,False,,False,False,False,,0,
INV-01036,VND-0059,Wright Inc,Office Supplies,6056.98,2025-01-01,2025-01-31,Paid,PO-5708RW,True,,False,,False,False,False,,0,
INV-01154,VND-0032,"Hess, Smith and Johnson",Office Supplies,4432.85,2025-01-01,2025-01-31,Paid,PO-4580QK,True,,False,,False,False,False,,0,
INV-01167,VND-0062,Hayden Ltd,Consulting,5312.38,2025-01-01,2025-01-31,Approved,PO-1528YO,True,,False,,False,False,False,,0,
INV-01014,VND-0004,Stevens-Freeman,Hardware,15462.06,2025-01-01,2025-01-31,Approved,PO-0349OD,True,,False,,False,False,False,,0,
INV-01256,VND-0035,Owens and Sons,IT Services,12471.25,2025-01-01,2025-01-31,Approved,PO-4688BD,True,,False,,False,False,False,,0,
INV-01149,VND-0056,Jones Inc,Legal,6330.78,2025-01-01,2025-01-31,Paid,PO-7037ZL,True,,False,,False,False,False,,0,
INV-F0070,VND-0012,Russell-Scott,Facilities,29076.24,2025-01-01,2025-01-31,Pending,PO-5158AW,True,,False,,False,True,True,shell_vendor,70,
INV-01199,VND-0038,Gray PLC,Office Supplies,38178.92,2025-01-01,2025-01-31,Approved,PO-4047FJ,True,,False,,False,False,False,,0,
INV-01243,VND-0013,"Juarez, Bennett and Collins",Software Licenses,2692.17,2025-01-01,2025-01-31,Approved,PO-3853FX,True,,False,,False,False,False,,0,
INV-01191,VND-0010,"Scott, Moore and Adams",Professional Services,5206.24,2025-01-01,2025-01-31,Approved,PO-4427PD,True,,False,,False,False,False,,0,
INV-F0064,VND-0026,"Sparks, Olson and Brown",Marketing,117477.68,2025-01-01,2025-01-31,Pending,PO-7483NP,True,,False,,False,True,True,shell_vendor,70,
INV-01180,VND-0072,Bennett-Flores,Consulting,14825.29,2025-01-02,2025-02-01,Pending,PO-9216OP,True,,False,,False,False,False,,0,
INV-F0031,VND-0061,Morris Group,IT Services,71681.45,2025-01-02,2025-02-01,Pending,PO-5957YI,True,,False,,False,True,True,shell_vendor,70,
INV-01220,VND-0039,Hendricks LLC,Hardware,13257.68,2025-01-02,2025-02-01,Paid,PO-9700NU,True,,False,,False,False,False,,0,
INV-01049,VND-0010,"Scott, Moore and Adams",Professional Services,6301.73,2025-01-02,2025-02-01,Approved,PO-7828CL,True,,False,,False,False,False,,0,
INV-01225,VND-0029,Brown Inc,Marketing,3518.83,2025-01-02,2025-02-01,Approved,PO-3386VI,True,,False,,False,False,False,,0,
INV-01060,VND-0070,Lewis-Anderson,Legal,10921.07,2025-01-02,2025-02-01,Pending,PO-6439ID,True,,False,,False,False,False,,0,
INV-F0018,VND-0073,"Martin, Johnson and Curtis",Marketing,89676.22,2025-01-02,2025-02-01,Pending,PO-5169QI,True,,False,,True,True,True,bank_redirect,90,Payment bank account changed 48h after invoice submission
INV-01074,VND-0013,"Juarez, Bennett and Collins",Software Licenses,2380.56,2025-01-02,2025-02-01,Approved,PO-7638GJ,True,,False,,False,False,False,,0,
INV-01365,VND-0019,"Patterson, Johnson and Young",Hardware,2309.07,2025-01-02,2025-02-01,Approved,PO-6290KA,True,,False,,False,False,False,,0,
INV-01103,VND-0011,Morrison-Boyd,Consulting,17049.04,2025-01-02,2025-02-01,Paid,PO-5865CL,True,,False,,False,False,False,,0,
INV-01304,VND-0054,"Miller, Howard and Haley",Marketing,4113.24,2025-01-02,2025-02-01,Paid,PO-7907MT,True,,False,,False,False,False,,0,
INV-01303,VND-0079,Clark-Morris,Software Licenses,4284.18,2025-01-02,2025-02-01,Approved,PO-9877AG,True,,False,,False,False,False,,0,
INV-01145,VND-0072,Bennett-Flores,Consulting,8795.75,2025-01-02,2025-02-01,Approved,PO-6501HG,True,,False,,False,False,False,,0,
INV-01298,VND-0029,Brown Inc,Marketing,875.57,2025-01-02,2025-02-01,Approved,PO-2652QQ,True,,False,,False,False,False,,0,
INV-01247,VND-0057,"Richardson, Armstrong and Clark",Legal,3514.46,2025-01-02,2025-02-01,Approved,PO-7570LQ,True,,False,,False,False,False,,0,
INV-01269,VND-0072,Bennett-Flores,Consulting,15498.27,2025-01-02,2025-02-01,Paid,PO-3578XE,True,,False,,False,False,False,,0,
INV-01250,VND-0027,Rodriguez and Sons,Hardware,4030.32,2025-01-02,2025-02-01,Approved,PO-9451FO,True,,False,,False,False,False,,0,
INV-01187,VND-0019,"Patterson, Johnson and Young",Hardware,6968.2,2025-01-02,2025-02-01,Approved,PO-7118WW,True,,False,,False,False,False,,0,
INV-01175,VND-0008,"Gilmore, Park and Bates",Hardware,27498.43,2025-01-02,2025-02-01,Approved,PO-7992AN,True,,False,,False,False,False,,0,
INV-01100,VND-0010,"Scott, Moore and Adams",Professional Services,11684.09,2025-01-02,2025-02-01,Pending,PO-9678TP,True,,False,,False,False,False,,0,
INV-01040,VND-0077,Stewart PLC,Marketing,3773.35,2025-01-02,2025-02-01,Paid,PO-8299HG,True,,False,,False,False,False,,0,
INV-01216,VND-0067,Allen Group,Legal,13233.76,2025-01-02,2025-02-01,Approved,PO-7637AW,True,,False,,False,False,False,,0,
INV-F0063,VND-0021,Brewer Ltd,Marketing,87103.95,2025-01-02,2025-02-01,Pending,PO-1800TO,True,,False,,False,True,True,shell_vendor,85,
INV-01018,VND-0009,Espinoza-Wright,Office Supplies,10422.98,2025-01-02,2025-02-01,Pending,PO-6981KT,True,,False,,False,False,False,,0,
INV-01354,VND-0030,"Garcia, Brennan and Robertson",IT Services,3414.26,2025-01-03,2025-02-02,Approved,PO-2861YA,True,,False,,False,False,False,,0,
INV-01065,VND-0010,"Scott, Moore and Adams",Professional Services,7308.31,2025-01-03,2025-02-02,Approved,PO-7042CL,True,,False,,False,False,False,,0,
INV-01205,VND-0040,Dominguez and Sons,Legal,6554.53,2025-01-03,2025-02-02,Approved,PO-0375GB,True,,False,,False,False,False,,0,
INV-01301,VND-0009,Espinoza-Wright,Office Supplies,5748.77,2025-01-03,2025-02-02,Approved,PO-6279CW,True,,False,,False,False,False,,0,
INV-01294,VND-0076,Cuevas-Perez,Marketing,3525.75,2025-01-03,2025-02-02,Approved,PO-2183IO,True,,False,,False,False,False,,0,
INV-01057,VND-0029,Brown Inc,Marketing,16832.36,2025-01-03,2025-02-02,Approved,PO-6302JM,True,,False,,False,False,False,,0,
INV-01275,VND-0036,"King, Williams and Ryan",Hardware,2932.65,2025-01-03,2025-02-02,Paid,PO-3013DR,True,,False,,False,False,False,,0,
INV-01132,VND-0050,Stewart-Lane,Software Licenses,6179.1,2025-01-03,2025-02-02,Pending,PO-1785LV,True,,False,,False,False,False,,0,
INV-01129,VND-0014,Mata-Frank,Consulting,2942.89,2025-01-03,2025-02-02,Approved,PO-0919HT,True,,False,,False,False,False,,0,
INV-01019,VND-0074,Porter-Charles,Hardware,4136.93,2025-01-03,2025-02-02,Approved,PO-4769DC,True,,False,,False,False,False,,0,
INV-01147,VND-0042,Bailey and Sons,Facilities,19572.74,2025-01-03,2025-02-02,Paid,PO-5390TT,True,,False,,False,False,False,,0,
INV-01395,VND-0020,"Medina, Carter and Stevens",Hardware,6708.32,2025-01-03,2025-02-02,Approved,PO-6613CD,True,,False,,False,False,False,,0,
INV-01391,VND-0045,"Taylor, Hodges and Weeks",Consulting,2871.28,2025-01-03,2025-02-02,Approved,PO-5925JQ,True,,False,,False,False,False,,0,
INV-01174,VND-0038,Gray PLC,Office Supplies,20525.61,2025-01-03,2025-02-02,Approved,PO-4038XF,True,,False,,False,False,False,,0,
INV-01117,VND-0055,"Turner, Ritter and Carroll",Software Licenses,8929.42,2025-01-03,2025-02-02,Pending,PO-8457UM,True,,False,,False,False,False,,0,
INV-01227,VND-0036,"King, Williams and Ryan",Hardware,12078.35,2025-01-03,2025-02-02,Paid,PO-8928PF,True,,False,,False,False,False,,0,
INV-01083,VND-0033,Landry-Howard,IT Services,5358.23,2025-01-03,2025-02-02,Paid,PO-6564FG,True,,False,,False,False,False,,0,
INV-01320,VND-0039,Hendricks LLC,Hardware,2624.9,2025-01-04,2025-02-03,Pending,PO-5250DQ,True,,False,,False,False,False,,0,
INV-01121,VND-0054,"Miller, Howard and Haley",Marketing,1950.72,2025-01-04,2025-02-03,Approved,PO-3219EM,True,,False,,False,False,False,,0,
INV-01329,VND-0010,"Scott, Moore and Adams",Professional Services,5300.02,2025-01-04,2025-02-03,Approved,PO-7169CK,True,,False,,False,False,False,,0,
INV-01309,VND-0077,Stewart PLC,Marketing,4226.65,2025-01-04,2025-02-03,Pending,PO-4465CQ,True,,False,,False,False,False,,0,
INV-F0013,VND-0073,"Martin, Johnson and Curtis",Marketing,96111.27,2025-01-04,2025-02-03,Pending,PO-1693ZZ,True,,False,,True,True,True,bank_redirect,90,Payment bank account changed 48h after invoice submission
INV-01141,VND-0051,Taylor-Collins,Facilities,2714.94,2025-01-04,2025-02-03,Approved,PO-7301MB,True,,False,,False,False,False,,0,
INV-01374,VND-0079,Clark-Morris,Software Licenses,5830.96,2025-01-04,2025-02-03,Approved,PO-5294MK,True,,False,,False,False,False,,0,
INV-01025,VND-0010,"Scott, Moore and Adams",Professional Services,2408.22,2025-01-04,2025-02-03,Approved,PO-0714JC,True,,False,,False,False,False,,0,
INV-01349,VND-0055,"Turner, Ritter and Carroll",Software Licenses,8436.61,2025-01-04,2025-02-03,Approved,PO-5763VG,True,,False,,False,False,False,,0,
INV-F0053,VND-0018,Hart-Warren,Consulting,61656.31,2025-01-04,2025-02-03,Pending,PO-1463MW,True,,False,,True,True,True,bank_redirect,100,Payment bank account changed 48h after invoice submission
INV-01351,VND-0031,Nash-Mays,Professional Services,17699.06,2025-01-04,2025-02-03,Approved,PO-8220IH,True,,False,,False,False,False,,0,
INV-01204,VND-0058,Diaz-Beasley,Facilities,2676.46,2025-01-04,2025-02-03,Approved,PO-1033QR,True,,False,,False,False,False,,0,
INV-01246,VND-0076,Cuevas-Perez,Marketing,5589.26,2025-01-04,2025-02-03,Approved,PO-8080AG,True,,False,,False,False,False,,0,
INV-F0062,VND-0054,"Miller, Howard and Haley",Marketing,32245.35,2025-01-04,2025-02-03,Pending,,False,,True,20388.38,False,False,True,altered_amount,30,"Original PO amount was $20,388.38"
INV-01179,VND-0046,"Scott, Brooks and Zamora",Marketing,5335.85,2025-01-04,2025-02-03,Approved,PO-9328NI,True,,False,,False,False,False,,0,
INV-01252,VND-0044,Owens-Kim,Hardware,7557.79,2025-01-04,2025-02-03,Approved,PO-6502TL,True,,False,,False,False,False,,0,
INV-01054,VND-0015,Stevenson and Sons,Facilities,1364.88,2025-01-04,2025-02-03,Approved,PO-9492GY,True,,False,,False,False,False,,0,
INV-01172,VND-0023,Curtis and Sons,Logistics,6073.71,2025-01-04,2025-02-03,Approved,PO-7020ZT,True,,False,,False,False,False,,0,
INV-01266,VND-0031,Nash-Mays,Professional Services,7362.02,2025-01-04,2025-02-03,Pending,PO-2692QI,True,,False,,False,False,False,,0,
INV-F0059,VND-0024,"Bush, Hill and Flores",Hardware,40061.77,2025-01-04,2025-02-03,Pending,PO-7583SB,True,,False,,False,True,True,shell_vendor,70,
INV-01020,VND-0058,Diaz-Beasley,Facilities,2815.96,2025-01-04,2025-02-03,Approved,PO-4929SV,True,,False,,False,False,False,,0,
INV-01257,VND-0030,"Garcia, Brennan and Robertson",IT Services,10717.01,2025-01-05,2025-02-04,Approved,PO-3814NX,True,,False,,False,False,False,,0,
INV-01358,VND-0006,Lee-Mason,Hardware,5569.47,2025-01-05,2025-02-04,Approved,PO-6297GU,True,,False,,False,False,False,,0,
INV-01346,VND-0053,Hunter Group,Professional Services,6404.77,2025-01-05,2025-02-04,Approved,PO-9441OO,True,,False,,False,False,False,,0,
INV-01337,VND-0020,"Medina, Carter and Stevens",Hardware,704.95,2025-01-05,2025-02-04,Approved,PO-0997EO,True,,False,,False,False,False,,0,
INV-01369,VND-0006,Lee-Mason,Hardware,2854.94,2025-01-05,2025-02-04,Pending,PO-4615JV,True,,False,,False,False,False,,0,
INV-01032,VND-0046,"Scott, Brooks and Zamora",Marketing,6869.52,2025-01-05,2025-02-04,Pending,PO-2070YE,True,,False,,False,False,False,,0,
INV-01150,VND-0055,"Turner, Ritter and Carroll",Software Licenses,11526.18,2025-01-05,2025-02-04,Approved,PO-4348LH,True,,False,,False,False,False,,0,
INV-01322,VND-0078,Cox LLC,Marketing,2211.52,2025-01-05,2025-02-04,Approved,PO-1139FB,True,,False,,False,False,False,,0,
INV-01165,VND-0038,Gray PLC,Office Supplies,3056.64,2025-01-05,2025-02-04,Approved,PO-8940PU,True,,False,,False,False,False,,0,
INV-01270,VND-0040,Dominguez and Sons,Legal,6577.96,2025-01-05,2025-02-04,Approved,PO-0185HC,True,,False,,False,False,False,,0,
INV-01163,VND-0054,"Miller, Howard and Haley",Marketing,5509.54,2025-01-05,2025-02-04,Paid,PO-9054YG,True,,False,,False,False,False,,0,
INV-01128,VND-0054,"Miller, Howard and Haley",Marketing,20347.78,2025-01-05,2025-02-04,Approved,PO-9201ZM,True,,False,,False,False,False,,0,
INV-F0052,VND-0066,Ortega Group,Hardware,112706.65,2025-01-05,2025-02-04,Pending,PO-0216FE,True,,False,,True,True,True,bank_redirect,90,Payment bank account changed 48h after invoice submission
INV-01217,VND-0050,Stewart-Lane,Software Licenses,6453.65,2025-01-05,2025-02-04,Approved,PO-6988TV,True,,False,,False,False,False,,0,
INV-01007,VND-0007,Ray Group,Logistics,1902.09,2025-01-05,2025-02-04,Approved,PO-5929NV,True,,False,,False,False,False,,0,
INV-01396,VND-0069,"Charles, Dougherty and White",Facilities,4190.0,2025-01-05,2025-02-04,Pending,PO-8048XY,True,,False,,False,False,False,,0,
INV-01313,VND-0009,Espinoza-Wright,Office Supplies,4834.81,2025-01-05,2025-02-04,Paid,PO-5595UD,True,,False,,False,False,False,,0,
INV-01058,VND-0031,Nash-Mays,Professional Services,3913.07,2025-01-05,2025-02-04,Approved,PO-7739KZ,True,,False,,False,False,False,,0,
INV-01139,VND-0042,Bailey and Sons,Facilities,4683.38,2025-01-05,2025-02-04,Approved,PO-9564BF,True,,False,,False,False,False,,0,
INV-01156,VND-0077,Stewart PLC,Marketing,2380.73,2025-01-06,2025-02-05,Approved,PO-7087MN,True,,False,,False,False,False,,0,
INV-01255,VND-0056,Jones Inc,Legal,2775.21,2025-01-06,2025-02-05,Approved,PO-6050FX,True,,False,,False,False,False,,0,
INV-01004,VND-0011,Morrison-Boyd,Consulting,1386.99,2025-01-06,2025-02-05,Approved,PO-4808VE,True,,False,,False,False,False,,0,
INV-01332,VND-0067,Allen Group,Legal,3061.59,2025-01-06,2025-02-05,Approved,PO-4594FM,True,,False,,False,False,False,,0,
INV-01263,VND-0079,Clark-Morris,Software Licenses,1346.62,2025-01-06,2025-02-05,Approved,PO-4275MW,True,,False,,False,False,False,,0,
INV-01118,VND-0049,Morris-Nunez,Facilities,2599.02,2025-01-06,2025-02-05,Approved,PO-4596VH,True,,False,,False,False,False,,0,
INV-01343,VND-0063,"Gilbert, Ellison and Pham",Marketing,6361.16,2025-01-06,2025-02-05,Paid,PO-9027IK,True,,False,,False,False,False,,0,
INV-01326,VND-0070,Lewis-Anderson,Legal,1629.6,2025-01-06,2025-02-05,Approved,PO-8643SC,True,,False,,False,False,False,,0,
INV-01253,VND-0008,"Gilmore, Park and Bates",Hardware,2672.34,2025-01-06,2025-02-05,Approved,PO-1352ID,True,,False,,False,False,False,,0,
INV-01053,VND-0022,Lee-Brooks,IT Services,2586.06,2025-01-06,2025-02-05,Approved,PO-8165IJ,True,,False,,False,False,False,,0,
INV-01068,VND-0009,Espinoza-Wright,Office Supplies,9298.8,2025-01-06,2025-02-05,Approved,PO-6490OL,True,,False,,False,False,False,,0,
INV-01079,VND-0075,Hill-Shaw,Legal,25155.36,2025-01-06,2025-02-05,Pending,PO-7987DP,True,,False,,False,False,False,,0,
INV-01394,VND-0035,Owens and Sons,IT Services,2851.75,2025-01-06,2025-02-05,Approved,PO-3763LV,True,,False,,False,False,False,,0,
INV-F0077,VND-0080,"Gross, Murphy and Thompson",Facilities,75688.28,2025-01-06,2025-02-05,Pending,PO-7017YN,True,INV-01344,False,,False,True,True,duplicate,100,Duplicate of INV-01344
INV-01076,VND-0069,"Charles, Dougherty and White",Facilities,2316.77,2025-01-06,2025-02-05,Approved,PO-0976SJ,True,,False,,False,False,False,,0,
INV-01097,VND-0062,Hayden Ltd,Consulting,2378.38,2025-01-06,2025-02-05,Paid,PO-1764HC,True,,False,,False,False,False,,0,
INV-01041,VND-0016,"Porter, Craig and Bradley",IT Services,3118.95,2025-01-06,2025-02-05,Approved,PO-6415TN,True,,False,,False,False,False,,0,
INV-F0039,VND-0012,Russell-Scott,Facilities,56447.67,2025-01-07,2025-02-06,Pending,,False,,False,,False,True,True,phantom_billing,85,No corresponding PO or delivery record found
INV-01334,VND-0077,Stewart PLC,Marketing,1793.43,2025-01-07,2025-02-06,Paid,PO-4014UG,True,,False,,False,False,False,,0,
INV-01316,VND-0054,"Miller, Howard and Haley",Marketing,15340.53,2025-01-07,2025-02-06,Approved,PO-1876YV,True,,False,,False,False,False,,0,
INV-01173,VND-0059,Wright Inc,Office Supplies,11106.48,2025-01-07,2025-02-06,Approved,PO-1979OX,True,,False,,False,False,False,,0,
INV-01229,VND-0007,Ray Group,Logistics,1081.28,2025-01-07,2025-02-06,Paid,PO-8863JS,True,,False,,False,False,False,,0,
INV-01035,VND-0040,Dominguez and Sons,Legal,2080.97,2025-01-07,2025-02-06,Paid,PO-7522YK,True,,False,,False,False,False,,0,
INV-01140,VND-0070,Lewis-Anderson,Legal,12132.01,2025-01-07,2025-02-06,Approved,PO-2014OX,True,,False,,False,False,False,,0,
INV-01078,VND-0036,"King, Williams and Ryan",Hardware,4523.77,2025-01-07,2025-02-06,Approved,PO-2536FA,True,,False,,False,False,False,,0,
INV-F0057,VND-0068,"Matthews, Griffin and Nash",IT Services,77985.11,2025-01-07,2025-02-06,Pending,,False,,False,,False,True,True,phantom_billing,85,No corresponding PO or delivery record found
INV-01037,VND-0028,Thompson-Fox,Facilities,4315.79,2025-01-07,2025-02-06,Paid,PO-4242PY,True,,False,,False,False,False,,0,
INV-01373,VND-0065,Sawyer and Sons,Facilities,6994.88,2025-01-07,2025-02-06,Paid,PO-0891XO,True,,False,,False,False,False,,0,
INV-01222,VND-0074,Porter-Charles,Hardware,8299.59,2025-01-07,2025-02-06,Pending,PO-1914DE,True,,False,,False,False,False,,0,
INV-01003,VND-0075,Hill-Shaw,Legal,6490.64,2025-01-08,2025-02-07,Approved,PO-0218KX,True,,False,,False,False,False,,0,
INV-01159,VND-0017,"Cross, Garcia and Harris",Facilities,7251.86,2025-01-08,2025-02-07,Approved,PO-3527YE,True,,False,,False,False,False,,0,
INV-F0072,VND-0080,"Gross, Murphy and Thompson",Facilities,71942.73,2025-01-08,2025-02-07,Pending,,False,,False,,False,True,True,phantom_billing,85,No corresponding PO or delivery record found
INV-F0027,VND-0039,Hendricks LLC,Hardware,98318.98,2025-01-08,2025-02-07,Pending,,False,,True,41752.63,False,False,True,altered_amount,30,"Original PO amount was $41,752.63"
INV-F0010,VND-0012,Russell-Scott,Facilities,139445.72,2025-01-08,2025-02-07,Pending,,False,,False,,False,True,True,phantom_billing,85,No corresponding PO or delivery record found
INV-01051,VND-0069,"Charles, Dougherty and White",Facilities,14180.13,2025-01-08,2025-02-07,Pending,PO-8904PA,True,,False,,False,False,False,,0,
INV-01264,VND-0076,Cuevas-Perez,Marketing,10296.9,2025-01-08,2025-02-07,Approved,PO-3412AU,True,,False,,False,False,False,,0,
INV-01258,VND-0028,Thompson-Fox,Facilities,9208.65,2025-01-08,2025-02-07,Pending,PO-6836CE,True,,False,,False,False,False,,0,
INV-01151,VND-0001,Rivera Inc,Logistics,7947.27,2025-01-08,2025-02-07,Paid,PO-6565LS,True,,False,,False,False,False,,0,
INV-01146,VND-0049,Morris-Nunez,Facilities,3509.45,2025-01-08,2025-02-07,Approved,PO-7323CC,True,,False,,False,False,False,,0,
INV-01112,VND-0050,Stewart-Lane,Software Licenses,9294.17,2025-01-08,2025-02-07,Paid,PO-1810TB,True,,False,,False,False,False,,0,
INV-F0054,VND-0037,"Patterson, Perry and Grimes",Marketing,108613.8,2025-01-08,2025-02-07,Pending,,False,,False,,False,True,True,phantom_billing,85,No corresponding PO or delivery record found
INV-01237,VND-0017,"Cross, Garcia and Harris",Facilities,6314.83,2025-01-08,2025-02-07,Approved,PO-2814FE,True,,False,,False,False,False,,0,
INV-01195,VND-0079,Clark-Morris,Software Licenses,4783.21,2025-01-08,2025-02-07,Pending,PO-1461NH,True,,False,,False,False,False,,0,
INV-01382,VND-0052,"Park, Davis and Escobar",Marketing,5236.32,2025-01-08,2025-02-07,Pending,PO-1589OR,True,,False,,False,False,False,,0,
INV-01328,VND-0030,"Garcia, Brennan and Robertson",IT Services,11887.04,2025-01-08,2025-02-07,Approved,PO-7715LM,True,,False,,False,False,False,,0,
INV-01312,VND-0065,Sawyer and Sons,Facilities,5501.04,2025-01-08,2025-02-07,Approved,PO-3005EO,True,,False,,False,False,False,,0,
INV-01397,VND-0023,Curtis and Sons,Logistics,19406.72,2025-01-08,2025-02-07,Approved,PO-9340YJ,True,,False,,False,False,False,,0,
INV-01082,VND-0015,Stevenson and Sons,Facilities,2106.68,2025-01-08,2025-02-07,Approved,PO-9367BQ,True,,False,,False,False,False,,0,
INV-01056,VND-0011,Morrison-Boyd,Consulting,3666.48,2025-01-09,2025-02-08,Pending,PO-3121MJ,True,,False,,False,False,False,,0,
INV-F0037,VND-0064,Price-Johnson,Software Licenses,112882.32,2025-01-09,2025-02-08,Pending,,False,,False,,False,True,True,phantom_billing,85,No corresponding PO or delivery record found
INV-01169,VND-0045,"Taylor, Hodges and Weeks",Consulting,2789.78,2025-01-09,2025-02-08,Approved,PO-8098TH,True,,False,,False,False,False,,0,
INV-01384,VND-0059,Wright Inc,Office Supplies,2190.2,2025-01-09,2025-02-08,Approved,PO-8322NC,True,,False,,False,False,False,,0,
INV-01122,VND-0076,Cuevas-Perez,Marketing,2215.43,2025-01-09,2025-02-08,Approved,PO-7955OY,True,,False,,False,False,False,,0,
INV-01190,VND-0059,Wright Inc,Office Supplies,24671.41,2025-01-09,2025-02-08,Approved,PO-7006BN,True,,False,,False,False,False,,0,
INV-F0051,VND-0066,Ortega Group,Hardware,41769.29,2025-01-09,2025-02-08,Pending,PO-6430SV,True,,False,,True,True,True,bank_redirect,90,Payment bank account changed 48h after invoice submission
INV-01024,VND-0052,"Park, Davis and Escobar",Marketing,2260.91,2025-01-09,2025-02-08,Approved,PO-8795HO,True,,False,,False,False,False,,0,
INV-01069,VND-0051,Taylor-Collins,Facilities,10469.65,2025-01-09,2025-02-08,Pending,PO-2365RJ,True,,False,,False,False,False,,0,
INV-01028,VND-0013,"Juarez, Bennett and Collins",Software Licenses,8978.58,2025-01-09,2025-02-08,Paid,PO-6435YM,True,,False,,False,False,False,,0,
INV-01238,VND-0010,"Scott, Moore and Adams",Professional Services,7875.6,2025-01-09,2025-02-08,Approved,PO-1519JO,True,,False,,False,False,False,,0,
INV-01030,VND-0036,"King, Williams and Ryan",Hardware,13821.3,2025-01-09,2025-02-08,Paid,PO-4279TN,True,,False,,False,False,False,,0,
INV-01064,VND-0058,Diaz-Beasley,Facilities,2893.94,2025-01-09,2025-02-08,Approved,PO-2509HF,True,,False,,False,False,False,,0,
INV-F0021,VND-0026,"Sparks, Olson and Brown",Marketing,80977.69,2025-01-09,2025-02-08,Pending,PO-7619MQ,True,,False,,False,True,True,shell_vendor,70,
INV-01319,VND-0005,"Friedman, Miller and Park",Office Supplies,11404.79,2025-01-09,2025-02-08,Pending,PO-6110BC,True,,False,,False,False,False,,0,
INV-01131,VND-0046,"Scott, Brooks and Zamora",Marketing,8326.14,2025-01-09,2025-02-08,Approved,PO-7690WU,True,,False,,False,False,False,,0,
INV-01293,VND-0039,Hendricks LLC,Hardware,3600.84,2025-01-09,2025-02-08,Paid,PO-1637JV,True,,False,,False,False,False,,0,
INV-01183,VND-0054,"Miller, Howard and Haley",Marketing,4781.94,2025-01-10,2025-02-09,Approved,PO-4817VG,True,,False,,False,False,False,,0,
INV-01200,VND-0022,Lee-Brooks,IT Services,5215.54,2025-01-10,2025-02-09,Paid,PO-1895ZI,True,,False,,False,False,False,,0,
INV-01094,VND-0015,Stevenson and Sons,Facilities,4761.95,2025-01-10,2025-02-09,Approved,PO-8871UM,True,,False,,False,False,False,,0,
INV-01211,VND-0014,Mata-Frank,Consulting,3406.57,2025-01-10,2025-02-09,Approved,PO-9917XL,True,,False,,False,False,False,,0,
INV-F0033,VND-0005,"Friedman, Miller and Park",Office Supplies,12800.34,2025-01-10,2025-02-09,Pending,PO-0679IP,True,INV-01378,False,,False,False,True,duplicate,55,Duplicate of INV-01378
INV-01210,VND-0078,Cox LLC,Marketing,2244.66,2025-01-10,2025-02-09,Approved,PO-2864IW,True,,False,,False,False,False,,0,
INV-F0056,VND-0080,"Gross, Murphy and Thompson",Facilities,83124.51,2025-01-10,2025-02-09,Pending,PO-3193UJ,True,,False,,False,True,True,shell_vendor,70,
INV-01224,VND-0057,"Richardson, Armstrong and Clark",Legal,3986.36,2025-01-10,2025-02-09,Approved,PO-1033IZ,True,,False,,False,False,False,,0,
INV-01267,VND-0007,Ray Group,Logistics,5190.35,2025-01-10,2025-02-09,Paid,PO-5394JH,True,,False,,False,False,False,,0,
INV-F0069,VND-0076,Cuevas-Perez,Marketing,100343.59,2025-01-10,2025-02-09,Pending,,False,,True,55078.37,False,False,True,altered_amount,30,"Original PO amount was $55,078.37"
INV-F0028,VND-0061,Morris Group,IT Services,118983.61,2025-01-10,2025-02-09,Pending,PO-4767ED,True,,False,,False,True,True,shell_vendor,70,
INV-01080,VND-0004,Stevens-Freeman,Hardware,5198.76,2025-01-10,2025-02-09,Approved,PO-1346WS,True,,False,,False,False,False,,0,
INV-01067,VND-0040,Dominguez and Sons,Legal,8539.79,2025-01-10,2025-02-09,Approved,PO-6129CH,True,,False,,False,False,False,,0,
INV-01324,VND-0045,"Taylor, Hodges and Weeks",Consulting,3504.85,2025-01-10,2025-02-09,Pending,PO-2727UW,True,,False,,False,False,False,,0,
INV-01062,VND-0045,"Taylor, Hodges and Weeks",Consulting,4208.87,2025-01-10,2025-02-09,Approved,PO-1041JA,True,,False,,False,False,False,,0,
INV-01290,VND-0035,Owens and Sons,IT Services,12634.09,2025-01-10,2025-02-09,Approved,PO-0297WP,True,,False,,False,False,False,,0,
INV-F0044,VND-0066,Ortega Group,Hardware,56194.22,2025-01-10,2025-02-09,Pending,PO-8266MR,True,,False,,True,True,True,bank_redirect,90,Payment bank account changed 48h after invoice submission
INV-01155,VND-0047,"Molina, Reed and Potter",Professional Services,10659.79,2025-01-10,2025-02-09,Approved,PO-8027XA,True,,False,,False,False,False,,0,
INV-01048,VND-0040,Dominguez and Sons,Legal,5080.8,2025-01-10,2025-02-09,Approved,PO-5639ZH,True,,False,,False,False,False,,0,
INV-F0003,VND-0024,"Bush, Hill and Flores",Hardware,51159.49,2025-01-10,2025-02-09,Pending,PO-8660ZO,True,,False,,True,True,True,bank_redirect,90,Payment bank account changed 48h after invoice submission
INV-01203,VND-0034,Maynard-Wood,Marketing,8149.69,2025-01-11,2025-02-10,Paid,PO-3487RB,True,,False,,False,False,False,,0,
INV-01208,VND-0007,Ray Group,Logistics,25873.37,2025-01-11,2025-02-10,Approved,PO-7907IL,True,,False,,False,False,False,,0,
INV-F0067,VND-0023,Curtis and Sons,Logistics,45559.38,2025-01-11,2025-02-10,Pending,PO-9035ZW,True,INV-01276,False,,False,False,True,duplicate,55,Duplicate of INV-01276
INV-01126,VND-0013,"Juarez, Bennett and Collins",Software Licenses,1898.26,2025-01-11,2025-02-10,Approved,PO-6955SX,True,,False,,False,False,False,,0,
INV-01379,VND-0072,Bennett-Flores,Consulting,6837.53,2025-01-11,2025-02-10,Pending,PO-6155HA,True,,False,,False,False,False,,0,
INV-01016,VND-0040,Dominguez and Sons,Legal,8536.66,2025-01-11,2025-02-10,Approved,PO-6767WJ,True,,False,,False,False,False,,0,
INV-F0034,VND-0012,Russell-Scott,Facilities,38366.6,2025-01-11,2025-02-10,Pending,,False,,False,,False,True,True,phantom_billing,85,No corresponding PO or delivery record found
INV-F0032,VND-0080,"Gross, Murphy and Thompson",Facilities,7613.47,2025-01-11,2025-02-10,Pending,PO-4089XF,True,INV-01326,False,,False,True,True,duplicate,100,Duplicate of INV-01326
INV-01288,VND-0017,"Cross, Garcia and Harris",Facilities,41580.43,2025-01-11,2025-02-10,Approved,PO-2122JH,True,,False,,False,False,False,,0,
INV-F0058,VND-0043,Parrish-Blair,Marketing,50987.87,2025-01-11,2025-02-10,Pending,PO-2145UX,True,INV-01241,False,,False,False,True,duplicate,55,Duplicate of INV-01241
INV-01305,VND-0059,Wright Inc,Office Supplies,3001.81,2025-01-11,2025-02-10,Pending,PO-6759PM,True,,False,,False,False,False,,0,
INV-F0055,VND-0066,Ortega Group,Hardware,56865.61,2025-01-11,2025-02-10,Pending,,False,,False,,False,True,True,phantom_billing,85,No corresponding PO or delivery record found
INV-01367,VND-0065,Sawyer and Sons,Facilities,2029.01,2025-01-11,2025-02-10,Paid,PO-9679BL,True,,False,,False,False,False,,0,
INV-01063,VND-0074,Porter-Charles,Hardware,2997.56,2025-01-11,2025-02-10,Pending,PO-5686LS,True,,False,,False,False,False,,0,
INV-01111,VND-0058,Diaz-Beasley,Facilities,12200.27,2025-01-11,2025-02-10,Approved,PO-9978LK,True,,False,,False,False,False,,0,
INV-F0022,VND-0012,Russell-Scott,Facilities,131263.7,2025-01-12,2025-02-11,Pending,,False,,False,,False,True,True,phantom_billing,85,No corresponding PO or delivery record found
INV-F0061,VND-0026,"Sparks, Olson and Brown",Marketing,133092.34,2025-01-12,2025-02-11,Pending,PO-2920US,True,,False,,False,True,True,shell_vendor,70,
INV-F0049,VND-0066,Ortega Group,Hardware,41800.69,2025-01-12,2025-02-11,Pending,PO-9422HR,True,,False,,False,True,True,shell_vendor,70,
INV-F0015,VND-0003,Stephenson and Sons,Logistics,100561.04,2025-01-12,2025-02-11,Pending,PO-8146CO,True,,False,,True,True,True,bank_redirect,90,Payment bank account changed 48h after invoice submission
INV-F0024,VND-0066,Ortega Group,Hardware,33383.6,2025-01-12,2025-02-11,Pending,,False,,False,,False,True,True,phantom_billing,85,No corresponding PO or delivery record found
INV-F0078,VND-0018,Hart-Warren,Consulting,20761.1,2025-01-12,2025-02-11,Pending,PO-0098JH,True,,False,,False,True,True,shell_vendor,70,
INV-01364,VND-0011,Morrison-Boyd,Consulting,6037.64,2025-01-12,2025-02-11,Approved,PO-1680WN,True,,False,,False,False,False,,0,
INV-01259,VND-0043,Parrish-Blair,Marketing,7314.01,2025-01-12,2025-02-11,Approved,PO-6340YI,True,,False,,False,False,False,,0,
INV-01356,VND-0014,Mata-Frank,Consulting,3001.42,2025-01-12,2025-02-11,Paid,PO-9763RT,True,,False,,False,False,False,,0,
INV-01236,VND-0020,"Medina, Carter and Stevens",Hardware,4279.39,2025-01-12,2025-02-11,Approved,PO-0337JO,True,,False,,False,False,False,,0,
INV-01336,VND-0033,Landry-Howard,IT Services,2362.59,2025-01-12,2025-02-11,Pending,PO-2332ON,True,,False,,False,False,False,,0,
INV-01330,VND-0063,"Gilbert, Ellison and Pham",Marketing,2969.41,2025-01-12,2025-02-11,Approved,PO-8313RW,True,,False,,False,False,False,,0,
INV-01278,VND-0057,"Richardson, Armstrong and Clark",Legal,2085.99,2025-01-12,2025-02-11,Approved,PO-0534QS,True,,False,,False,False,False,,0,
INV-01271,VND-0076,Cuevas-Perez,Marketing,12578.3,2025-01-12,2025-02-11,Paid,PO-9247US,True,,False,,False,False,False,,0,
INV-01378,VND-0027,Rodriguez and Sons,Hardware,5786.85,2025-01-12,2025-02-11,Approved,PO-7459BY,True,,False,,False,False,False,,0,
INV-F0040,VND-0002,"Taylor, Lara and Smith",Consulting,138016.9,2025-01-12,2025-02-11,Pending,PO-1496EE,True,,False,,True,True,True,bank_redirect,90,Payment bank account changed 48h after invoice submission
INV-F0080,VND-0021,Brewer Ltd,Marketing,123135.09,2025-01-12,2025-02-11,Pending,,False,,False,,False,True,True,phantom_billing,100,No corresponding PO or delivery record found
INV-01098,VND-0004,Stevens-Freeman,Hardware,10261.26,2025-01-12,2025-02-11,Pending,PO-6681LB,True,,False,,False,False,False,,0,
INV-01196,VND-0029,Brown Inc,Marketing,6128.64,2025-01-12,2025-02-11,Approved,PO-3131FR,True,,False,,False,False,False,,0,
INV-01209,VND-0043,Parrish-Blair,Marketing,3729.12,2025-01-12,2025-02-11,Pending,PO-6072VC,True,,False,,False,False,False,,0,
INV-01192,VND-0007,Ray Group,Logistics,9901.05,2025-01-12,2025-02-11,Paid,PO-8393VL,True,,False,,False,False,False,,0,
INV-01272,VND-0009,Espinoza-Wright,Office Supplies,10133.51,2025-01-13,2025-02-12,Approved,PO-5810LV,True,,False,,False,False,False,,0,
INV-01388,VND-0008,"Gilmore, Park and Bates",Hardware,3054.98,2025-01-13,2025-02-12,Approved,PO-0363ZF,True,,False,,False,False,False,,0,
INV-01248,VND-0022,Lee-Brooks,IT Services,7821.87,2025-01-13,2025-02-12,Pending,PO-5147NF,True,,False,,False,False,False,,0,
INV-01101,VND-0006,Lee-Mason,Hardware,4996.08,2025-01-13,2025-02-12,Pending,PO-0651JP,True,,False,,False,False,False,,0,
INV-F0007,VND-0068,"Matthews, Griffin and Nash",IT Services,67021.57,2025-01-13,2025-02-12,Pending,PO-2154FS,True,,False,,True,True,True,bank_redirect,90,Payment bank account changed 48h after invoice submission
INV-01234,VND-0062,Hayden Ltd,Consulting,12727.4,2025-01-13,2025-02-12,Paid,PO-3890VI,True,,False,,False,False,False,,0,
INV-01359,VND-0015,Stevenson and Sons,Facilities,4004.34,2025-01-13,2025-02-12,Approved,PO-4704UK,True,,False,,False,False,False,,0,
INV-F0016,VND-0003,Stephenson and Sons,Logistics,16203.13,2025-01-13,2025-02-12,Pending,,False,,False,,False,True,True,phantom_billing,85,No corresponding PO or delivery record found
INV-01093,VND-0062,Hayden Ltd,Consulting,5892.8,2025-01-13,2025-02-12,Approved,PO-8910FI,True,,False,,False,False,False,,0,
INV-01042,VND-0077,Stewart PLC,Marketing,2862.61,2025-01-13,2025-02-12,Pending,PO-6590NW,True,,False,,False,False,False,,0,
INV-01307,VND-0069,"Charles, Dougherty and White",Facilities,2006.53,2025-01-13,2025-02-12,Approved,PO-4631FA,True,,False,,False,False,False,,0,
INV-01138,VND-0019,"Patterson, Johnson and Young",Hardware,8762.32,2025-01-13,2025-02-12,Approved,PO-7263KT,True,,False,,False,False,False,,0,
INV-01300,VND-0023,Curtis and Sons,Logistics,8847.09,2025-01-13,2025-02-12,Approved,PO-1337XJ,True,,False,,False,False,False,,0,
INV-01207,VND-0025,Hansen-Anderson,Marketing,4359.13,2025-01-13,2025-02-12,Approved,PO-9297CU,True,,False,,False,False,False,,0,
INV-01171,VND-0011,Morrison-Boyd,Consulting,18994.35,2025-01-13,2025-02-12,Paid,PO-5226FU,True,,False,,False,False,False,,0,
INV-01299,VND-0008,"Gilmore, Park and Bates",Hardware,4106.72,2025-01-13,2025-02-12,Approved,PO-6284DJ,True,,False,,False,False,False,,0,
INV-01287,VND-0016,"Porter, Craig and Bradley",IT Services,5273.91,2025-01-13,2025-02-12,Pending,PO-4729TJ,True,,False,,False,False,False,,0,
INV-01001,VND-0006,Lee-Mason,Hardware,10258.06,2025-01-13,2025-02-12,Paid,PO-5767IU,True,,False,,False,False,False,,0,
INV-01177,VND-0035,Owens and Sons,IT Services,6669.88,2025-01-13,2025-02-12,Approved,PO-7437FM,True,,False,,False,False,False,,0,
INV-01323,VND-0058,Diaz-Beasley,Facilities,8297.59,2025-01-14,2025-02-13,Pending,PO-2723FQ,True,,False,,False,False,False,,0,
INV-01124,VND-0013,"Juarez, Bennett and Collins",Software Licenses,21179.48,2025-01-14,2025-02-13,Approved,PO-4999IS,True,,False,,False,False,False,,0,
INV-01350,VND-0045,"Taylor, Hodges and Weeks",Consulting,8074.09,2025-01-14,2025-02-13,Paid,PO-9217OQ,True,,False,,False,False,False,,0,
INV-01296,VND-0055,"Turner, Ritter and Carroll",Software Licenses,2127.94,2025-01-14,2025-02-13,Paid,PO-0931PA,True,,False,,False,False,False,,0,
INV-01311,VND-0030,"Garcia, Brennan and Robertson",IT Services,8191.5,2025-01-14,2025-02-13,Paid,PO-8100SG,True,,False,,False,False,False,,0,
INV-01239,VND-0062,Hayden Ltd,Consulting,4541.55,2025-01-14,2025-02-13,Approved,PO-3788NX,True,,False,,False,False,False,,0,
INV-01282,VND-0069,"Charles, Dougherty and White",Facilities,3498.99,2025-01-14,2025-02-13,Approved,PO-0999CM,True,,False,,False,False,False,,0,
INV-F0074,VND-0012,Russell-Scott,Facilities,78371.02,2025-01-14,2025-02-13,Pending,,False,,False,,False,True,True,phantom_billing,85,No corresponding PO or delivery record found
INV-01385,VND-0008,"Gilmore, Park and Bates",Hardware,757.12,2025-01-14,2025-02-13,Paid,PO-1373RE,True,,False,,False,False,False,,0,
INV-01088,VND-0072,Bennett-Flores,Consulting,5720.72,2025-01-14,2025-02-13,Approved,PO-4825JQ,True,,False,,False,False,False,,0,
INV-F0073,VND-0026,"Sparks, Olson and Brown",Marketing,41293.07,2025-01-14,2025-02-13,Pending,PO-7695WJ,True,,False,,False,True,True,shell_vendor,70,
INV-01219,VND-0001,Rivera Inc,Logistics,4511.79,2025-01-14,2025-02-13,Approved,PO-1134CN,True,,False,,False,False,False,,0,
INV-01008,VND-0070,Lewis-Anderson,Legal,10155.57,2025-01-14,2025-02-13,Paid,PO-3263AS,True,,False,,False,False,False,,0,
INV-F0014,VND-0066,Ortega Group,Hardware,119797.82,2025-01-14,2025-02-13,Pending,PO-1354EV,True,,False,,False,True,True,shell_vendor,70,
INV-F0048,VND-0064,Price-Johnson,Software Licenses,138750.61,2025-01-14,2025-02-13,Pending,PO-4439NS,True,,False,,False,True,True,shell_vendor,70,
INV-01055,VND-0070,Lewis-Anderson,Legal,1998.07,2025-01-14,2025-02-13,Approved,PO-2720DU,True,,False,,False,False,False,,0,
INV-01375,VND-0076,Cuevas-Perez,Marketing,21034.64,2025-01-14,2025-02-13,Paid,PO-3934ZP,True,,False,,False,False,False,,0,
INV-01046,VND-0015,Stevenson and Sons,Facilities,11624.74,2025-01-14,2025-02-13,Approved,PO-6763QV,True,,False,,False,False,False,,0,
INV-F0038,VND-0037,"Patterson, Perry and Grimes",Marketing,133604.78,2025-01-14,2025-02-13,Pending,PO-3417KK,True,,False,,True,True,True,bank_redirect,90,Payment bank account changed 48h after invoice submission
INV-01158,VND-0065,Sawyer and Sons,Facilities,500.0,2025-01-15,2025-02-14,Paid,PO-2202DT,True,,False,,False,False,False,,0,
INV-01015,VND-0079,Clark-Morris,Software Licenses,15825.62,2025-01-15,2025-02-14,Approved,PO-5670ZP,True,,False,,False,False,False,,0,
INV-F0043,VND-0006,Lee-Mason,Hardware,56294.77,2025-01-15,2025-02-14,Pending,PO-9783LE,True,INV-01124,False,,False,False,True,duplicate,55,Duplicate of INV-01124
INV-01136,VND-0023,Curtis and Sons,Logistics,9317.42,2025-01-15,2025-02-14,Pending,PO-5893VF,True,,False,,False,False,False,,0,
INV-01070,VND-0008,"Gilmore, Park and Bates",Hardware,1794.71,2025-01-15,2025-02-14,Approved,PO-8830HO,True,,False,,False,False,False,,0,
INV-01338,VND-0014,Mata-Frank,Consulting,2032.08,2025-01-15,2025-02-14,Pending,PO-9380PU,True,,False,,False,False,False,,0,
INV-F0011,VND-0036,"King, Williams and Ryan",Hardware,56715.93,2025-01-15,2025-02-14,Pending,PO-4012IZ,True,INV-01328,False,,False,False,True,duplicate,55,Duplicate of INV-01328
INV-F0004,VND-0027,Rodriguez and Sons,Hardware,75595.28,2025-01-15,2025-02-14,Pending,,False,,True,41753.19,False,False,True,altered_amount,30,"Original PO amount was $41,753.19"
INV-01084,VND-0017,"Cross, Garcia and Harris",Facilities,4155.28,2025-01-15,2025-02-14,Paid,PO-0815IT,True,,False,,False,False,False,,0,
INV-01096,VND-0031,Nash-Mays,Professional Services,14054.51,2025-01-15,2025-02-14,Approved,PO-6647IP,True,,False,,False,False,False,,0,
INV-01370,VND-0019,"Patterson, Johnson and Young",Hardware,6973.62,2025-01-15,2025-02-14,Approved,PO-7620JV,True,,False,,False,False,False,,0,
INV-01372,VND-0076,Cuevas-Perez,Marketing,6226.9,2025-01-15,2025-02-14,Approved,PO-6449SI,True,,False,,False,False,False,,0,
INV-01310,VND-0051,Taylor-Collins,Facilities,12254.47,2025-01-15,2025-02-14,Approved,PO-6222FZ,True,,False,,False,False,False,,0,
INV-01090,VND-0030,"Garcia, Brennan and Robertson",IT Services,7440.06,2025-01-15,2025-02-14,Approved,PO-5426XW,True,,False,,False,False,False,,0,
INV-01215,VND-0038,Gray PLC,Office Supplies,2750.16,2025-01-15,2025-02-14,Approved,PO-8705MZ,True,,False,,False,False,False,,0,
INV-01164,VND-0056,Jones Inc,Legal,7879.46,2025-01-15,2025-02-14,Approved,PO-4147DO,True,,False,,False,False,False,,0,
INV-01245,VND-0028,Thompson-Fox,Facilities,6269.95,2025-01-15,2025-02-14,Approved,PO-0657BP,True,,False,,False,False,False,,0,
INV-01231,VND-0040,Dominguez and Sons,Legal,4350.76,2025-01-15,2025-02-14,Pending,PO-3060NJ,True,,False,,False,False,False,,0,
INV-01213,VND-0070,Lewis-Anderson,Legal,3285.33,2025-01-15,2025-02-14,Pending,PO-5048ZZ,True,,False,,False,False,False,,0,
INV-01201,VND-0047,"Molina, Reed and Potter",Professional Services,6448.63,2025-01-15,2025-02-14,Pending,PO-5363XD,True,,False,,False,False,False,,0,
INV-01233,VND-0056,Jones Inc,Legal,12265.24,2025-01-15,2025-02-14,Approved,PO-3185NU,True,,False,,False,False,False,,0,
INV-01133,VND-0016,"Porter, Craig and Bradley",IT Services,1531.41,2025-01-16,2025-02-15,Approved,PO-6562PY,True,,False,,False,False,False,,0,
INV-01339,VND-0006,Lee-Mason,Hardware,8927.28,2025-01-16,2025-02-15,Paid,PO-0223HW,True,,False,,False,False,False,,0,
INV-01038,VND-0047,"Molina, Reed and Potter",Professional Services,3210.19,2025-01-16,2025-02-15,Approved,PO-6412XA,True,,False,,False,False,False,,0,
INV-01011,VND-0022,Lee-Brooks,IT Services,1499.35,2025-01-16,2025-02-15,Paid,PO-4620NM,True,,False,,False,False,False,,0,
INV-01026,VND-0008,"Gilmore, Park and Bates",Hardware,4882.48,2025-01-16,2025-02-15,Approved,PO-2230MB,True,,False,,False,False,False,,0,
INV-01045,VND-0014,Mata-Frank,Consulting,6126.11,2025-01-16,2025-02-15,Approved,PO-0752DI,True,,False,,False,False,False,,0,
INV-01021,VND-0042,Bailey and Sons,Facilities,2487.82,2025-01-16,2025-02-15,Approved,PO-1174YM,True,,False,,False,False,False,,0,
INV-01144,VND-0006,Lee-Mason,Hardware,22424.53,2025-01-16,2025-02-15,Approved,PO-4561YR,True,,False,,False,False,False,,0,
INV-01120,VND-0052,"Park, Davis and Escobar",Marketing,2508.39,2025-01-16,2025-02-15,Paid,PO-7297CL,True,,False,,False,False,False,,0,
INV-01033,VND-0074,Porter-Charles,Hardware,4998.38,2025-01-16,2025-02-15,Approved,PO-0489SN,True,,False,,False,False,False,,0,
INV-01052,VND-0033,Landry-Howard,IT Services,4717.33,2025-01-16,2025-02-15,Approved,PO-6192IS,True,,False,,False,False,False,,0,
INV-01327,VND-0023,Curtis and Sons,Logistics,35168.23,2025-01-16,2025-02-15,Paid,PO-9542GA,True,,False,,False,False,False,,0,
INV-01161,VND-0079,Clark-Morris,Software Licenses,6373.73,2025-01-16,2025-02-15,Approved,PO-1151TS,True,,False,,False,False,False,,0,
INV-01273,VND-0055,"Turner, Ritter and Carroll",Software Licenses,2649.52,2025-01-16,2025-02-15,Paid,PO-1325BZ,True,,False,,False,False,False,,0,
INV-F0076,VND-0037,"Patterson, Perry and Grimes",Marketing,31538.1,2025-01-16,2025-02-15,Pending,PO-3124JW,True,,False,,False,True,True,shell_vendor,70,
INV-01087,VND-0077,Stewart PLC,Marketing,3848.65,2025-01-16,2025-02-15,Approved,PO-1715NM,True,,False,,False,False,False,,0,
INV-01240,VND-0005,"Friedman, Miller and Park",Office Supplies,2283.84,2025-01-17,2025-02-16,Approved,PO-6522GD,True,,False,,False,False,False,,0,
INV-01186,VND-0067,Allen Group,Legal,3126.96,2025-01-17,2025-02-16,Pending,PO-3484XU,True,,False,,False,False,False,,0,
INV-01181,VND-0031,Nash-Mays,Professional Services,14216.13,2025-01-17,2025-02-16,Approved,PO-6795XE,True,,False,,False,False,False,,0,
INV-01127,VND-0011,Morrison-Boyd,Consulting,3329.43,2025-01-17,2025-02-16,Approved,PO-9491DA,True,,False,,False,False,False,,0,
INV-01137,VND-0038,Gray PLC,Office Supplies,1372.39,2025-01-17,2025-02-16,Paid,PO-3484NA,True,,False,,False,False,False,,0,
INV-01166,VND-0053,Hunter Group,Professional Services,9407.43,2025-01-17,2025-02-16,Approved,PO-5530XA,True,,False,,False,False,False,,0,
INV-F0023,VND-0066,Ortega Group,Hardware,142377.35,2025-01-17,2025-02-16,Pending,PO-5367BR,True,,False,,True,True,True,bank_redirect,100,Payment bank account changed 48h after invoice submission
INV-01022,VND-0042,Bailey and Sons,Facilities,10964.81,2025-01-17,2025-02-16,Approved,PO-1273XL,True,,False,,False,False,False,,0,
INV-01262,VND-0013,"Juarez, Bennett and Collins",Software Licenses,9125.01,2025-01-17,2025-02-16,Approved,PO-3667OH,True,,False,,False,False,False,,0,
INV-01071,VND-0019,"Patterson, Johnson and Young",Hardware,6463.1,2025-01-17,2025-02-16,Approved,PO-3368NX,True,,False,,False,False,False,,0,
INV-01223,VND-0050,Stewart-Lane,Software Licenses,18274.76,2025-01-17,2025-02-16,Approved,PO-6697BT,True,,False,,False,False,False,,0,
INV-01202,VND-0047,"Molina, Reed and Potter",Professional Services,6111.54,2025-01-17,2025-02-16,Approved,PO-9114HK,True,,False,,False,False,False,,0,
INV-01244,VND-0017,"Cross, Garcia and Harris",Facilities,6428.5,2025-01-17,2025-02-16,Approved,PO-1200ZP,True,,False,,False,False,False,,0,
INV-01274,VND-0022,Lee-Brooks,IT Services,3615.33,2025-01-17,2025-02-16,Pending,PO-5971CK,True,,False,,False,False,False,,0,
INV-01010,VND-0078,Cox LLC,Marketing,3742.58,2025-01-17,2025-02-16,Approved,PO-8593IM,True,,False,,False,False,False,,0,
INV-01168,VND-0053,Hunter Group,Professional Services,2361.31,2025-01-17,2025-02-16,Approved,PO-5413YF,True,,False,,False,False,False,,0,
INV-F0065,VND-0059,Wright Inc,Office Supplies,34598.41,2025-01-17,2025-02-16,Pending,PO-0776GC,True,INV-01315,False,,False,False,True,duplicate,55,Duplicate of INV-01315
INV-01009,VND-0040,Dominguez and Sons,Legal,1319.86,2025-01-17,2025-02-16,Pending,PO-6548OR,True,,False,,False,False,False,,0,
INV-01242,VND-0013,"Juarez, Bennett and Collins",Software Licenses,4999.62,2025-01-17,2025-02-16,Approved,PO-2169QP,True,,False,,False,False,False,,0,
INV-01368,VND-0056,Jones Inc,Legal,4102.31,2025-01-17,2025-02-16,Paid,PO-6154XZ,True,,False,,False,False,False,,0,
INV-01075,VND-0072,Bennett-Flores,Consulting,18370.47,2025-01-18,2025-02-17,Approved,PO-5700EJ,True,,False,,False,False,False,,0,
INV-01109,VND-0029,Brown Inc,Marketing,13382.67,2025-01-18,2025-02-17,Pending,PO-4471EA,True,,False,,False,False,False,,0,
INV-01188,VND-0048,Stewart-Lee,Professional Services,4971.91,2025-01-18,2025-02-17,Approved,PO-0842TY,True,,False,,False,False,False,,0,
INV-01107,VND-0019,"Patterson, Johnson and Young",Hardware,3532.56,2025-01-18,2025-02-17,Paid,PO-9545IL,True,,False,,False,False,False,,0,
INV-F0035,VND-0061,Morris Group,IT Services,145109.31,2025-01-18,2025-02-17,Pending,PO-4568VI,True,,False,,True,True,True,bank_redirect,90,Payment bank account changed 48h after invoice submission
INV-01362,VND-0004,Stevens-Freeman,Hardware,2322.85,2025-01-18,2025-02-17,Approved,PO-0683ZT,True,,False,,False,False,False,,0,
INV-01081,VND-0040,Dominguez and Sons,Legal,3805.41,2025-01-18,2025-02-17,Pending,PO-4708FS,True,,False,,False,False,False,,0,
INV-01085,VND-0058,Diaz-Beasley,Facilities,3846.25,2025-01-18,2025-02-17,Paid,PO-5380IY,True,,False,,False,False,False,,0,
INV-01092,VND-0022,Lee-Brooks,IT Services,3462.52,2025-01-18,2025-02-17,Pending,PO-0372JZ,True,,False,,False,False,False,,0,
INV-F0079,VND-0018,Hart-Warren,Consulting,51411.0,2025-01-18,2025-02-17,Pending,,False,,False,,False,True,True,phantom_billing,100,No corresponding PO or delivery record found
INV-F0002,VND-0026,"Sparks, Olson and Brown",Marketing,72401.57,2025-01-18,2025-02-17,Pending,PO-6526NG,True,,False,,True,True,True,bank_redirect,90,Payment bank account changed 48h after invoice submission
INV-F0030,VND-0069,"Charles, Dougherty and White",Facilities,36235.21,2025-01-18,2025-02-17,Pending,,False,,True,12599.17,False,False,True,altered_amount,30,"Original PO amount was $12,599.17"
INV-01226,VND-0028,Thompson-Fox,Facilities,5075.82,2025-01-18,2025-02-17,Pending,PO-2367BC,True,,False,,False,False,False,,0,
INV-01325,VND-0041,Johnson-Meyer,Professional Services,1719.64,2025-01-18,2025-02-17,Pending,PO-0639XR,True,,False,,False,False,False,,0,
INV-01308,VND-0047,"Molina, Reed and Potter",Professional Services,4252.6,2025-01-18,2025-02-17,Approved,PO-8669LO,True,,False,,False,False,False,,0,
INV-01123,VND-0078,Cox LLC,Marketing,6850.05,2025-01-18,2025-02-17,Approved,PO-8152EZ,True,,False,,False,False,False,,0,
INV-F0060,VND-0049,Morris-Nunez,Facilities,30509.06,2025-01-18,2025-02-17,Pending,PO-1996CR,True,INV-01134,False,,False,False,True,duplicate,55,Duplicate of INV-01134
INV-01148,VND-0069,"Charles, Dougherty and White",Facilities,6067.39,2025-01-18,2025-02-17,Approved,PO-4456JK,True,,False,,False,False,False,,0,
INV-01297,VND-0014,Mata-Frank,Consulting,1248.88,2025-01-18,2025-02-17,Pending,PO-8006NW,True,,False,,False,False,False,,0,
INV-01152,VND-0001,Rivera Inc,Logistics,8207.0,2025-01-18,2025-02-17,Approved,PO-6577ZF,True,,False,,False,False,False,,0,
INV-01125,VND-0051,Taylor-Collins,Facilities,3181.61,2025-01-18,2025-02-17,Approved,PO-1063DU,True,,False,,False,False,False,,0,
INV-01276,VND-0009,Espinoza-Wright,Office Supplies,4641.03,2025-01-18,2025-02-17,Approved,PO-8902LP,True,,False,,False,False,False,,0,
INV-01002,VND-0059,Wright Inc,Office Supplies,4612.53,2025-01-18,2025-02-17,Approved,PO-7289UC,True,,False,,False,False,False,,0,
INV-01027,VND-0065,Sawyer and Sons,Facilities,19802.84,2025-01-18,2025-02-17,Pending,PO-7356BF,True,,False,,False,False,False,,0,
INV-F0019,VND-0012,Russell-Scott,Facilities,146532.64,2025-01-19,2025-02-18,Pending,PO-4486KT,True,,False,,True,True,True,bank_redirect,90,Payment bank account changed 48h after invoice submission
INV-01393,VND-0042,Bailey and Sons,Facilities,5567.55,2025-01-19,2025-02-18,Approved,PO-0335YR,True,,False,,False,False,False,,0,
INV-01106,VND-0048,Stewart-Lee,Professional Services,6951.99,2025-01-19,2025-02-18,Approved,PO-9451QE,True,,False,,False,False,False,,0,
INV-01383,VND-0042,Bailey and Sons,Facilities,7536.2,2025-01-19,2025-02-18,Approved,PO-3886PH,True,,False,,False,False,False,,0,
INV-F0017,VND-0002,"Taylor, Lara and Smith",Consulting,92347.62,2025-01-19,2025-02-18,Pending,,False,,False,,False,True,True,phantom_billing,85,No corresponding PO or delivery record found
INV-01197,VND-0075,Hill-Shaw,Legal,10404.68,2025-01-19,2025-02-18,Approved,PO-5685OY,True,,False,,False,False,False,,0,
INV-F0006,VND-0051,Taylor-Collins,Facilities,135620.5,2025-01-19,2025-02-18,Pending,,False,,True,77131.54,False,False,True,altered_amount,30,"Original PO amount was $77,131.54"
INV-F0008,VND-0002,"Taylor, Lara and Smith",Consulting,64691.76,2025-01-19,2025-02-18,Pending,PO-2232TD,True,,False,,False,True,True,shell_vendor,70,
INV-01277,VND-0042,Bailey and Sons,Facilities,4436.8,2025-01-19,2025-02-18,Pending,PO-3674JN,True,,False,,False,False,False,,0,
INV-01363,VND-0022,Lee-Brooks,IT Services,2535.82,2025-01-19,2025-02-18,Approved,PO-0767HM,True,,False,,False,False,False,,0,
INV-01314,VND-0044,Owens-Kim,Hardware,500.0,2025-01-19,2025-02-18,Approved,PO-8661CR,True,,False,,False,False,False,,0,
INV-01249,VND-0072,Bennett-Flores,Consulting,6035.24,2025-01-19,2025-02-18,Approved,PO-9410PX,True,,False,,False,False,False,,0,
INV-01130,VND-0014,Mata-Frank,Consulting,1758.09,2025-01-19,2025-02-18,Approved,PO-0096NW,True,,False,,False,False,False,,0,
INV-01348,VND-0011,Morrison-Boyd,Consulting,1967.05,2025-01-19,2025-02-18,Paid,PO-2585JC,True,,False,,False,False,False,,0,
INV-F0045,VND-0054,"Miller, Howard and Haley",Marketing,70655.88,2025-01-19,2025-02-18,Pending,PO-9457DA,True,INV-01094,False,,False,False,True,duplicate,55,Duplicate of INV-01094
INV-01335,VND-0048,Stewart-Lee,Professional Services,3147.33,2025-01-19,2025-02-18,Approved,PO-8186HM,True,,False,,False,False,False,,0,
INV-F0029,VND-0037,"Patterson, Perry and Grimes",Marketing,49583.14,2025-01-20,2025-02-19,Pending,PO-2110GK,True,,False,,True,True,True,bank_redirect,90,Payment bank account changed 48h after invoice submission
INV-01013,VND-0039,Hendricks LLC,Hardware,16653.21,2025-01-20,2025-02-19,Approved,PO-3864CA,True,,False,,False,False,False,,0,
INV-01095,VND-0032,"Hess, Smith and Johnson",Office Supplies,1826.76,2025-01-20,2025-02-19,Pending,PO-6054SQ,True,,False,,False,False,False,,0,
INV-01006,VND-0071,"Hill, Smith and Green",Professional Services,6129.52,2025-01-20,2025-02-19,Paid,PO-2160WL,True,,False,,False,False,False,,0,
INV-01317,VND-0039,Hendricks LLC,Hardware,4115.21,2025-01-20,2025-02-19,Pending,PO-5754VK,True,,False,,False,False,False,,0,
INV-01261,VND-0051,Taylor-Collins,Facilities,12724.32,2025-01-20,2025-02-19,Approved,PO-4316GO,True,,False,,False,False,False,,0,
INV-01285,VND-0006,Lee-Mason,Hardware,4627.1,2025-01-20,2025-02-19,Pending,PO-5669LS,True,,False,,False,False,False,,0,
INV-01344,VND-0049,Morris-Nunez,Facilities,45452.01,2025-01-20,2025-02-19,Approved,PO-0114ZI,True,,False,,False,False,False,,0,
INV-01345,VND-0006,Lee-Mason,Hardware,4044.89,2025-01-20,2025-02-19,Paid,PO-9759IN,True,,False,,False,False,False,,0,
INV-01044,VND-0015,Stevenson and Sons,Facilities,7436.32,2025-01-20,2025-02-19,Paid,PO-8452CK,True,,False,,False,False,False,,0,
INV-01398,VND-0007,Ray Group,Logistics,5979.37,2025-01-20,2025-02-19,Approved,PO-9942XC,True,,False,,False,False,False,,0,
INV-F0047,VND-0060,Cuevas-Figueroa,Marketing,58630.68,2025-01-20,2025-02-19,Pending,PO-0428MJ,True,,False,,False,True,True,shell_vendor,70,
INV-F0009,VND-0010,"Scott, Moore and Adams",Professional Services,15166.52,2025-01-20,2025-02-19,Pending,PO-8792DE,True,INV-01369,False,,False,False,True,duplicate,55,Duplicate of INV-01369
INV-01105,VND-0079,Clark-Morris,Software Licenses,4598.51,2025-01-20,2025-02-19,Paid,PO-6817DW,True,,False,,False,False,False,,0,
INV-01352,VND-0079,Clark-Morris,Software Licenses,1683.58,2025-01-20,2025-02-19,Paid,PO-4505JC,True,,False,,False,False,False,,0,
INV-F0050,VND-0003,Stephenson and Sons,Logistics,33947.09,2025-01-20,2025-02-19,Pending,PO-3105AP,True,,False,,False,True,True,shell_vendor,70,
INV-01283,VND-0014,Mata-Frank,Consulting,3045.48,2025-01-20,2025-02-19,Paid,PO-4696OJ,True,,False,,False,False,False,,0,
INV-F0042,VND-0002,"Taylor, Lara and Smith",Consulting,40986.3,2025-01-20,2025-02-19,Pending,PO-8780HD,True,,False,,False,True,True,shell_vendor,70,
INV-01091,VND-0010,"Scott, Moore and Adams",Professional Services,1121.09,2025-01-21,2025-02-20,Paid,PO-1214JY,True,,False,,False,False,False,,0,
INV-01399,VND-0042,Bailey and Sons,Facilities,29515.31,2025-01-21,2025-02-20,Approved,PO-8778AB,True,,False,,False,False,False,,0,
INV-01115,VND-0044,Owens-Kim,Hardware,2619.52,2025-01-21,2025-02-20,Approved,PO-2264OY,True,,False,,False,False,False,,0,
INV-01331,VND-0076,Cuevas-Perez,Marketing,22571.39,2025-01-21,2025-02-20,Paid,PO-7779PI,True,,False,,False,False,False,,0,
INV-01390,VND-0032,"Hess, Smith and Johnson",Office Supplies,4574.28,2025-01-21,2025-02-20,Paid,PO-5963YY,True,,False,,False,False,False,,0,
INV-01221,VND-0023,Curtis and Sons,Logistics,2653.9,2025-01-21,2025-02-20,Approved,PO-7431IP,True,,False,,False,False,False,,0,
INV-01206,VND-0038,Gray PLC,Office Supplies,2630.73,2025-01-21,2025-02-20,Approved,PO-0159JZ,True,,False,,False,False,False,,0,
INV-01185,VND-0070,Lewis-Anderson,Legal,2372.7,2025-01-21,2025-02-20,Approved,PO-3065CD,True,,False,,False,False,False,,0,
INV-01355,VND-0057,"Richardson, Armstrong and Clark",Legal,6222.13,2025-01-21,2025-02-20,Approved,PO-0339IY,True,,False,,False,False,False,,0,
INV-01371,VND-0062,Hayden Ltd,Consulting,2904.38,2025-01-21,2025-02-20,Approved,PO-1305YJ,True,,False,,False,False,False,,0,
INV-01360,VND-0016,"Porter, Craig and Bradley",IT Services,4226.2,2025-01-21,2025-02-20,Pending,PO-7026PG,True,,False,,False,False,False,,0,
INV-01361,VND-0054,"Miller, Howard and Haley",Marketing,8146.82,2025-01-21,2025-02-20,Approved,PO-3302ET,True,,False,,False,False,False,,0,
INV-01377,VND-0052,"Park, Davis and Escobar",Marketing,5621.27,2025-01-21,2025-02-20,Approved,PO-9234TD,True,,False,,False,False,False,,0,
INV-01178,VND-0079,Clark-Morris,Software Licenses,8149.81,2025-01-21,2025-02-20,Paid,PO-7565SQ,True,,False,,False,False,False,,0,
INV-F0041,VND-0003,Stephenson and Sons,Logistics,98994.41,2025-01-22,2025-02-21,Pending,PO-5214TH,True,,False,,False,True,True,shell_vendor,70,
INV-01353,VND-0071,"Hill, Smith and Green",Professional Services,17792.38,2025-01-22,2025-02-21,Approved,PO-3219BX,True,,False,,False,False,False,,0,
INV-01104,VND-0023,Curtis and Sons,Logistics,4435.39,2025-01-22,2025-02-21,Approved,PO-8098KI,True,,False,,False,False,False,,0,
INV-01235,VND-0039,Hendricks LLC,Hardware,12918.56,2025-01-22,2025-02-21,Approved,PO-5300MC,True,,False,,False,False,False,,0,
INV-01279,VND-0005,"Friedman, Miller and Park",Office Supplies,12020.61,2025-01-22,2025-02-21,Approved,PO-6301OT,True,,False,,False,False,False,,0,
INV-01134,VND-0046,"Scott, Brooks and Zamora",Marketing,7283.64,2025-01-22,2025-02-21,Pending,PO-1519IG,True,,False,,False,False,False,,0,
INV-01280,VND-0014,Mata-Frank,Consulting,3134.8,2025-01-22,2025-02-21,Approved,PO-1373WH,True,,False,,False,False,False,,0,
INV-01114,VND-0067,Allen Group,Legal,1892.82,2025-01-22,2025-02-21,Approved,PO-6222KS,True,,False,,False,False,False,,0,
INV-01135,VND-0078,Cox LLC,Marketing,787.07,2025-01-22,2025-02-21,Pending,PO-9816VN,True,,False,,False,False,False,,0,
INV-01284,VND-0034,Maynard-Wood,Marketing,1158.89,2025-01-22,2025-02-21,Approved,PO-8665BM,True,,False,,False,False,False,,0,
INV-01143,VND-0055,"Turner, Ritter and Carroll",Software Licenses,15906.24,2025-01-22,2025-02-21,Paid,PO-1384NH,True,,False,,False,False,False,,0,
INV-01162,VND-0057,"Richardson, Armstrong and Clark",Legal,4047.8,2025-01-22,2025-02-21,Approved,PO-9480GC,True,,False,,False,False,False,,0,
INV-01047,VND-0057,"Richardson, Armstrong and Clark",Legal,13710.98,2025-01-22,2025-02-21,Approved,PO-8068NR,True,,False,,False,False,False,,0,
INV-F0012,VND-0064,Price-Johnson,Software Licenses,137367.79,2025-01-22,2025-02-21,Pending,PO-9361JH,True,,False,,False,True,True,shell_vendor,70,
INV-01059,VND-0072,Bennett-Flores,Consulting,3949.28,2025-01-22,2025-02-21,Approved,PO-7462SK,True,,False,,False,False,False,,0,
INV-01089,VND-0069,"Charles, Dougherty and White",Facilities,9437.23,2025-01-22,2025-02-21,Paid,PO-0731TW,True,,False,,False,False,False,,0,
INV-01043,VND-0010,"Scott, Moore and Adams",Professional Services,8285.87,2025-01-23,2025-02-22,Paid,PO-0398TK,True,,False,,False,False,False,,0,
INV-01029,VND-0020,"Medina, Carter and Stevens",Hardware,9648.37,2025-01-23,2025-02-22,Approved,PO-8478XL,True,,False,,False,False,False,,0,
INV-F0036,VND-0021,Brewer Ltd,Marketing,71158.22,2025-01-23,2025-02-22,Pending,PO-9313UI,True,,False,,False,True,True,shell_vendor,85,
INV-01198,VND-0015,Stevenson and Sons,Facilities,2345.02,2025-01-23,2025-02-22,Pending,PO-8427RF,True,,False,,False,False,False,,0,
INV-F0026,VND-0005,"Friedman, Miller and Park",Office Supplies,33038.82,2025-01-23,2025-02-22,Pending,PO-1031HN,True,INV-01112,False,,False,False,True,duplicate,55,Duplicate of INV-01112
INV-F0046,VND-0002,"Taylor, Lara and Smith",Consulting,94843.82,2025-01-23,2025-02-22,Pending,PO-7114DS,True,,False,,True,True,True,bank_redirect,90,Payment bank account changed 48h after invoice submission
INV-01005,VND-0069,"Charles, Dougherty and White",Facilities,3655.76,2025-01-23,2025-02-22,Approved,PO-9710YK,True,,False,,False,False,False,,0,
INV-01218,VND-0071,"Hill, Smith and Green",Professional Services,6925.82,2025-01-23,2025-02-22,Approved,PO-7057DK,True,,False,,False,False,False,,0,
INV-01066,VND-0063,"Gilbert, Ellison and Pham",Marketing,19518.19,2025-01-23,2025-02-22,Paid,PO-2721AP,True,,False,,False,False,False,,0,
INV-01228,VND-0071,"Hill, Smith and Green",Professional Services,5176.95,2025-01-23,2025-02-22,Pending,PO-4247DD,True,,False,,False,False,False,,0,
INV-01072,VND-0065,Sawyer and Sons,Facilities,12795.82,2025-01-23,2025-02-22,Approved,PO-4131WL,True,,False,,False,False,False,,0,
INV-01193,VND-0033,Landry-Howard,IT Services,4741.98,2025-01-23,2025-02-22,Approved,PO-3740EZ,True,,False,,False,False,False,,0,
INV-01116,VND-0065,Sawyer and Sons,Facilities,1294.83,2025-01-23,2025-02-22,Approved,PO-9431GL,True,,False,,False,False,False,,0,
INV-01176,VND-0063,"Gilbert, Ellison and Pham",Marketing,7886.45,2025-01-23,2025-02-22,Approved,PO-0546TF,True,,False,,False,False,False,,0,
INV-01214,VND-0010,"Scott, Moore and Adams",Professional Services,9668.02,2025-01-23,2025-02-22,Approved,PO-7277KI,True,,False,,False,False,False,,0,
INV-01292,VND-0063,"Gilbert, Ellison and Pham",Marketing,3587.32,2025-01-23,2025-02-22,Paid,PO-2761YO,True,,False,,False,False,False,,0,
INV-01302,VND-0013,"Juarez, Bennett and Collins",Software Licenses,8500.95,2025-01-23,2025-02-22,Approved,PO-3415RX,True,,False,,False,False,False,,0,
INV-01189,VND-0065,Sawyer and Sons,Facilities,4928.49,2025-01-23,2025-02-22,Pending,PO-2140SK,True,,False,,False,False,False,,0,
INV-01260,VND-0051,Taylor-Collins,Facilities,4520.15,2025-01-23,2025-02-22,Paid,PO-9574DJ,True,,False,,False,False,False,,0,
INV-01265,VND-0027,Rodriguez and Sons,Hardware,5770.69,2025-01-23,2025-02-22,Pending,PO-8985WE,True,,False,,False,False,False,,0,
INV-01315,VND-0065,Sawyer and Sons,Facilities,5005.74,2025-01-23,2025-02-22,Paid,PO-1482FI,True,,False,,False,False,False,,0,
INV-01286,VND-0047,"Molina, Reed and Potter",Professional Services,5659.8,2025-01-23,2025-02-22,Approved,PO-7476SI,True,,False,,False,False,False,,0,
INV-01017,VND-0049,Morris-Nunez,Facilities,1766.53,2025-01-24,2025-02-23,Pending,PO-5462WI,True,,False,,False,False,False,,0,
INV-01321,VND-0048,Stewart-Lee,Professional Services,5804.42,2025-01-24,2025-02-23,Approved,PO-0905UL,True,,False,,False,False,False,,0,
INV-01182,VND-0047,"Molina, Reed and Potter",Professional Services,6707.23,2025-01-24,2025-02-23,Approved,PO-1492NJ,True,,False,,False,False,False,,0,
INV-01357,VND-0051,Taylor-Collins,Facilities,31287.79,2025-01-24,2025-02-23,Pending,PO-1112XZ,True,,False,,False,False,False,,0,
INV-01102,VND-0023,Curtis and Sons,Logistics,10055.39,2025-01-24,2025-02-23,Approved,PO-6307RD,True,,False,,False,False,False,,0,
INV-01232,VND-0067,Allen Group,Legal,968.57,2025-01-24,2025-02-23,Approved,PO-5291RS,True,,False,,False,False,False,,0,
INV-01254,VND-0028,Thompson-Fox,Facilities,3246.33,2025-01-24,2025-02-23,Approved,PO-0292BZ,True,,False,,False,False,False,,0,
INV-01023,VND-0025,Hansen-Anderson,Marketing,10208.66,2025-01-24,2025-02-23,Approved,PO-3976BL,True,,False,,False,False,False,,0,
INV-01366,VND-0065,Sawyer and Sons,Facilities,11015.98,2025-01-24,2025-02-23,Pending,PO-8066FL,True,,False,,False,False,False,,0,
INV-01012,VND-0071,"Hill, Smith and Green",Professional Services,500.0,2025-01-24,2025-02-23,Paid,PO-8333IT,True,,False,,False,False,False,,0,
INV-01380,VND-0034,Maynard-Wood,Marketing,5971.85,2025-01-24,2025-02-23,Paid,PO-1094RZ,True,,False,,False,False,False,,0,
INV-01241,VND-0059,Wright Inc,Office Supplies,5276.56,2025-01-24,2025-02-23,Paid,PO-0853BR,True,,False,,False,False,False,,0,
INV-01291,VND-0065,Sawyer and Sons,Facilities,6997.83,2025-01-24,2025-02-23,Approved,PO-4606EQ,True,,False,,False,False,False,,0,
INV-01289,VND-0053,Hunter Group,Professional Services,4418.72,2025-01-24,2025-02-23,Approved,PO-3211HS,True,,False,,False,False,False,,0,
INV-01061,VND-0011,Morrison-Boyd,Consulting,3226.09,2025-01-24,2025-02-23,Paid,PO-1079DW,True,,False,,False,False,False,,0,
INV-01392,VND-0033,Landry-Howard,IT Services,13475.93,2025-01-24,2025-02-23,Pending,PO-9915RM,True,,False,,False,False,False,,0,
INV-01086,VND-0072,Bennett-Flores,Consulting,6874.87,2025-01-24,2025-02-23,Pending,PO-7177JO,True,,False,,False,False,False,,0,
INV-01119,VND-0053,Hunter Group,Professional Services,6538.3,2025-01-24,2025-02-23,Paid,PO-0873GL,True,,False,,False,False,False,,0,
INV-01184,VND-0030,"Garcia, Brennan and Robertson",IT Services,643.54,2025-01-24,2025-02-23,Approved,PO-4021CR,True,,False,,False,False,False,,0,
INV-01170,VND-0057,"Richardson, Armstrong and Clark",Legal,3185.09,2025-01-25,2025-02-24,Paid,PO-9575RE,True,,False,,False,False,False,,0,
INV-01157,VND-0030,"Garcia, Brennan and Robertson",IT Services,3197.39,2025-01-25,2025-02-24,Approved,PO-6371DF,True,,False,,False,False,False,,0,
INV-01306,VND-0078,Cox LLC,Marketing,1237.96,2025-01-25,2025-02-24,Approved,PO-5700XM,True,,False,,False,False,False,,0,
INV-01268,VND-0071,"Hill, Smith and Green",Professional Services,2743.35,2025-01-25,2025-02-24,Pending,PO-6158TV,True,,False,,False,False,False,,0,
INV-F0075,VND-0059,Wright Inc,Office Supplies,110635.99,2025-01-25,2025-02-24,Pending,,False,,True,43061.77,False,False,True,altered_amount,30,"Original PO amount was $43,061.77"
INV-01160,VND-0049,Morris-Nunez,Facilities,4322.37,2025-01-25,2025-02-24,Pending,PO-5793YF,True,,False,,False,False,False,,0,
INV-01073,VND-0070,Lewis-Anderson,Legal,9316.42,2025-01-25,2025-02-24,Approved,PO-7473LQ,True,,False,,False,False,False,,0,
INV-01347,VND-0014,Mata-Frank,Consulting,6315.4,2025-01-25,2025-02-24,Paid,PO-0578JV,True,,False,,False,False,False,,0,
INV-01077,VND-0052,"Park, Davis and Escobar",Marketing,6831.52,2025-01-25,2025-02-24,Approved,PO-0050HA,True,,False,,False,False,False,,0,
INV-01341,VND-0046,"Scott, Brooks and Zamora",Marketing,6920.7,2025-01-25,2025-02-24,Paid,PO-4575SC,True,,False,,False,False,False,,0,
INV-01039,VND-0058,Diaz-Beasley,Facilities,2096.89,2025-01-25,2025-02-24,Approved,PO-1738HC,True,,False,,False,False,False,,0,
INV-01389,VND-0057,"Richardson, Armstrong and Clark",Legal,35568.27,2025-01-25,2025-02-24,Approved,PO-0243WU,True,,False,,False,False,False,,0,
INV-01342,VND-0008,"Gilmore, Park and Bates",Hardware,7325.31,2025-01-25,2025-02-24,Approved,PO-7328BA,True,,False,,False,False,False,,0,
INV-01251,VND-0013,"Juarez, Bennett and Collins",Software Licenses,10338.45,2025-01-25,2025-02-24,Pending,PO-5273UP,True,,False,,False,False,False,,0,
INV-01099,VND-0070,Lewis-Anderson,Legal,13248.3,2025-01-25,2025-02-24,Paid,PO-6498HG,True,,False,,False,False,False,,0,
INV-01386,VND-0008,"Gilmore, Park and Bates",Hardware,1588.33,2025-01-25,2025-02-24,Approved,PO-2535YL,True,,False,,False,False,False,,0,
INV-01194,VND-0054,"Miller, Howard and Haley",Marketing,11086.64,2025-01-26,2025-02-25,Approved,PO-3419PC,True,,False,,False,False,False,,0,
INV-01212,VND-0019,"Patterson, Johnson and Young",Hardware,3428.34,2025-01-26,2025-02-25,Pending,PO-5764SH,True,,False,,False,False,False,,0,
INV-F0071,VND-0080,"Gross, Murphy and Thompson",Facilities,47795.46,2025-01-26,2025-02-25,Pending,,False,,False,,False,True,True,phantom_billing,85,No corresponding PO or delivery record found
INV-01387,VND-0031,Nash-Mays,Professional Services,3604.16,2025-01-26,2025-02-25,Paid,PO-6743UF,True,,False,,False,False,False,,0,
INV-F0068,VND-0065,Sawyer and Sons,Facilities,77133.12,2025-01-26,2025-02-25,Pending,,False,,True,40961.06,False,False,True,altered_amount,30,"Original PO amount was $40,961.06"
INV-01153,VND-0004,Stevens-Freeman,Hardware,11445.8,2025-01-26,2025-02-25,Paid,PO-6953DU,True,,False,,False,False,False,,0,
INV-01376,VND-0063,"Gilbert, Ellison and Pham",Marketing,4578.91,2025-01-26,2025-02-25,Approved,PO-2157NL,True,,False,,False,False,False,,0,
INV-01108,VND-0007,Ray Group,Logistics,12004.31,2025-01-26,2025-02-25,Approved,PO-7209PW,True,,False,,False,False,False,,0,
INV-01142,VND-0044,Owens-Kim,Hardware,2566.62,2025-01-26,2025-02-25,Approved,PO-0637VK,True,,False,,False,False,False,,0,
INV-01110,VND-0059,Wright Inc,Office Supplies,2691.34,2025-01-26,2025-02-25,Approved,PO-5095IO,True,,False,,False,False,False,,0,
INV-F0066,VND-0038,Gray PLC,Office Supplies,133858.28,2025-01-27,2025-02-26,Pending,,False,,True,46133.84,False,False,True,altered_amount,30,"Original PO amount was $46,133.84"
INV-01295,VND-0040,Dominguez and Sons,Legal,6120.99,2025-01-27,2025-02-26,Approved,PO-2580YR,True,,False,,False,False,False,,0,
INV-01381,VND-0050,Stewart-Lane,Software Licenses,5017.14,2025-01-27,2025-02-26,Approved,PO-0976JI,True,,False,,False,False,False,,0,
INV-F0025,VND-0024,"Bush, Hill and Flores",Hardware,68233.9,2025-01-27,2025-02-26,Pending,PO-7840UL,True,,False,,False,True,True,shell_vendor,70,
INV-01230,VND-0057,"Richardson, Armstrong and Clark",Legal,2280.98,2025-01-27,2025-02-26,Approved,PO-1269IY,True,,False,,False,False,False,,0,
INV-01340,VND-0065,Sawyer and Sons,Facilities,8250.93,2025-01-27,2025-02-26,Approved,PO-2779IN,True,,False,,False,False,False,,0,
INV-01113,VND-0027,Rodriguez and Sons,Hardware,13461.19,2025-01-27,2025-02-26,Pending,PO-1594ME,True,,False,,False,False,False,,0,
INV-01281,VND-0078,Cox LLC,Marketing,24035.44,2025-01-27,2025-02-26,Approved,PO-4205HC,True,,False,,False,False,False,,0,
INV-F0005,VND-0021,Brewer Ltd,Marketing,126351.46,2025-01-27,2025-02-26,Pending,,False,,False,,False,True,True,phantom_billing,100,No corresponding PO or delivery record found
INV-01333,VND-0001,Rivera Inc,Logistics,3969.94,2025-01-27,2025-02-26,Paid,PO-1123NA,True,,False,,False,False,False,,0,
INV-01031,VND-0056,Jones Inc,Legal,7259.01,2025-01-27,2025-02-26,Approved,PO-5462BS,True,,False,,False,False,False,,0,
